0.000000000000000000e+00,0.000000000000000000e+00,0.000000000000000000e+00,0.000000000000000000e+00,2.187029643794664480e+03,-0.000000000000000000e+00,-0.000000000000000000e+00,-2.187029643794664480e+03
0.000000000000000000e+00,0.000000000000000000e+00,0.000000000000000000e+00,0.000000000000000000e+00,0.000000000000000000e+00,-0.000000000000000000e+00,-0.000000000000000000e+00,-0.000000000000000000e+00
0.000000000000000000e+00,0.000000000000000000e+00,0.000000000000000000e+00,0.000000000000000000e+00,0.000000000000000000e+00,-0.000000000000000000e+00,-0.000000000000000000e+00,-0.000000000000000000e+00
0.000000000000000000e+00,0.000000000000000000e+00,0.000000000000000000e+00,0.000000000000000000e+00,0.000000000000000000e+00,-0.000000000000000000e+00,-0.000000000000000000e+00,-0.000000000000000000e+00
2.800365881330593311e+03,0.000000000000000000e+00,1.535741063113851396e+03,0.000000000000000000e+00,0.000000000000000000e+00,-4.311111111111111313e+03,-2.499583333333343305e+01,-0.000000000000000000e+00
3.822034594735364863e+03,0.000000000000000000e+00,1.958260662033287645e+03,0.000000000000000000e+00,0.000000000000000000e+00,-5.755299423435319113e+03,-2.499583333333343305e+01,-0.000000000000000000e+00
5.746066080220879485e+03,0.000000000000000000e+00,9.219582110014813225e+03,0.000000000000000000e+00,0.000000000000000000e+00,-4.311111111111111313e+03,-1.065453707912458231e+04,-0.000000000000000000e+00
8.497930754174925823e+03,0.000000000000000000e+00,1.053630535693618367e+04,0.000000000000000000e+00,0.000000000000000000e+00,-7.036236111111111313e+03,-1.199800000000000000e+04,-0.000000000000000000e+00
1.319885808299545351e+04,0.000000000000000000e+00,0.000000000000000000e+00,0.000000000000000000e+00,1.199800000000000000e+04,-0.000000000000000000e+00,-0.000000000000000000e+00,-2.519685808299545170e+04
1.730640983838695684e+04,1.421616268799999943e+03,0.000000000000000000e+00,0.000000000000000000e+00,8.372835567515150615e+03,-2.307638888888887436e+02,-0.000000000000000000e+00,-2.687009778581321734e+04
4.896657687438368157e+04,7.072533279359999142e+03,0.000000000000000000e+00,0.000000000000000000e+00,0.000000000000000000e+00,-0.000000000000000000e+00,-0.000000000000000000e+00,-5.603911015374367707e+04
4.889799532800000452e+04,1.116425948831999813e+04,0.000000000000000000e+00,0.000000000000000000e+00,0.000000000000000000e+00,-0.000000000000000000e+00,-2.499583333333343305e+01,-6.003725898298667016e+04
4.889799532800000452e+04,7.253888140799999746e+03,0.000000000000000000e+00,0.000000000000000000e+00,0.000000000000000000e+00,-0.000000000000000000e+00,-2.499583333333343305e+01,-5.612688763546667178e+04
4.889799532800000452e+04,1.558466362367999682e+04,0.000000000000000000e+00,0.000000000000000000e+00,0.000000000000000000e+00,-4.311111111111111313e+03,-2.499583333333343305e+01,-6.014655200723555754e+04
4.889799532800000452e+04,1.559477207807999912e+04,0.000000000000000000e+00,0.000000000000000000e+00,0.000000000000000000e+00,-4.311111111111111313e+03,-1.065453707912458231e+04,-4.952711921584431548e+04
4.889799532800000452e+04,9.494901849599998968e+03,0.000000000000000000e+00,0.000000000000000000e+00,0.000000000000000000e+00,-8.852986111111111313e+03,-1.199800000000000000e+04,-3.754191106648889399e+04
4.889799532800000452e+04,1.129316525567999815e+04,0.000000000000000000e+00,0.000000000000000000e+00,0.000000000000000000e+00,-4.311111111111111313e+03,-2.499583333333324333e+02,-5.563009113923555560e+04
4.889799532800000452e+04,7.327450120320001588e+03,0.000000000000000000e+00,0.000000000000000000e+00,0.000000000000000000e+00,-0.000000000000000000e+00,-0.000000000000000000e+00,-5.622544544832000975e+04
4.889799532800000452e+04,1.511137353599999869e+03,0.000000000000000000e+00,0.000000000000000000e+00,0.000000000000000000e+00,-0.000000000000000000e+00,-4.974170833333326982e+02,-4.991171559826667362e+04
4.889799532800000452e+04,2.159533439999999871e+01,0.000000000000000000e+00,0.000000000000000000e+00,1.199800000000000000e+04,-8.165689774324804375e+02,-0.000000000000000000e+00,-6.010102168496752711e+04
4.889799532800000452e+04,0.000000000000000000e+00,0.000000000000000000e+00,0.000000000000000000e+00,0.000000000000000000e+00,-3.179312499999999545e+03,-0.000000000000000000e+00,-4.571868282800000452e+04
4.608158681201968284e+04,0.000000000000000000e+00,0.000000000000000000e+00,0.000000000000000000e+00,3.592350523289205739e+03,-2.047513888888888232e+03,-0.000000000000000000e+00,-4.762642344641999807e+04
3.706602379028090218e+04,0.000000000000000000e+00,0.000000000000000000e+00,0.000000000000000000e+00,4.603484113180435997e+03,-7.837988988389552105e+02,-0.000000000000000000e+00,-4.088570900462238205e+04
2.793433683208937509e+04,0.000000000000000000e+00,0.000000000000000000e+00,0.000000000000000000e+00,0.000000000000000000e+00,-2.725125000000000000e+03,-0.000000000000000000e+00,-2.520921183208937509e+04
1.730640983838695684e+04,0.000000000000000000e+00,0.000000000000000000e+00,0.000000000000000000e+00,0.000000000000000000e+00,-2.155555555555555447e+00,-2.499583333333343305e+01,-1.727925844949806560e+04
3.257991259551309849e+04,0.000000000000000000e+00,0.000000000000000000e+00,0.000000000000000000e+00,0.000000000000000000e+00,-2.155555555555555447e+00,-2.499583333333343305e+01,-3.255276120662420726e+04
4.608158681201968284e+04,0.000000000000000000e+00,0.000000000000000000e+00,0.000000000000000000e+00,0.000000000000000000e+00,-2.901968055555555111e+03,-2.499583333333343305e+01,-4.315462292313079524e+04
4.889799532800000452e+04,0.000000000000000000e+00,0.000000000000000000e+00,0.000000000000000000e+00,0.000000000000000000e+00,-2.155555555555555447e+00,-2.499583333333343305e+01,-4.887084393911111692e+04
4.254348330243773671e+04,0.000000000000000000e+00,0.000000000000000000e+00,0.000000000000000000e+00,0.000000000000000000e+00,-4.311111111111111313e+03,-2.499583333333343305e+01,-3.820737635799329291e+04
2.174814590368481367e+04,0.000000000000000000e+00,0.000000000000000000e+00,0.000000000000000000e+00,0.000000000000000000e+00,-4.311111111111111313e+03,-1.078715449911573887e+04,-6.649880293457963489e+03
5.746066080220879485e+03,0.000000000000000000e+00,1.638574003272518894e+03,0.000000000000000000e+00,0.000000000000000000e+00,-7.384640083493398379e+03,-0.000000000000000000e+00,-0.000000000000000000e+00
3.706602379028090218e+04,0.000000000000000000e+00,0.000000000000000000e+00,0.000000000000000000e+00,0.000000000000000000e+00,-4.311111111111111313e+03,-1.199800000000000000e+04,-2.075691267916979268e+04
4.889799532800000452e+04,0.000000000000000000e+00,0.000000000000000000e+00,0.000000000000000000e+00,1.199800000000000000e+04,-3.860763888888897100e+01,-0.000000000000000000e+00,-6.085738768911111401e+04
4.889799532800000452e+04,2.823972868799998196e+03,0.000000000000000000e+00,0.000000000000000000e+00,8.372835567515150615e+03,-5.219097222222227401e+02,-0.000000000000000000e+00,-5.957289404209292843e+04
4.889799532800000452e+04,7.416044596799999454e+03,0.000000000000000000e+00,0.000000000000000000e+00,0.000000000000000000e+00,-2.465067842080489299e+03,-0.000000000000000000e+00,-5.384897208271951240e+04
4.222455680979776662e+04,1.146746717279999757e+04,0.000000000000000000e+00,0.000000000000000000e+00,0.000000000000000000e+00,-2.155555555555555447e+00,-2.499583333333343305e+01,-5.366487259370887477e+04
0.000000000000000000e+00,7.437892642560000240e+03,0.000000000000000000e+00,0.000000000000000000e+00,0.000000000000000000e+00,-2.155555555555555447e+00,-2.499583333333343305e+01,-7.410741253671111735e+03
0.000000000000000000e+00,1.594865987711999878e+04,0.000000000000000000e+00,0.000000000000000000e+00,0.000000000000000000e+00,-4.311111111111111313e+03,-2.499583333333343305e+01,-1.161255293267555317e+04
0.000000000000000000e+00,1.594709766144000059e+04,0.000000000000000000e+00,0.000000000000000000e+00,0.000000000000000000e+00,-4.311111111111111313e+03,-1.163598655032888928e+04,-0.000000000000000000e+00
0.000000000000000000e+00,7.432539756479999596e+03,7.904936378138844702e+03,0.000000000000000000e+00,0.000000000000000000e+00,-4.311111111111111313e+03,-1.102636502350773299e+04,-0.000000000000000000e+00
4.598558814010738570e+04,1.153807319520000419e+04,0.000000000000000000e+00,0.000000000000000000e+00,0.000000000000000000e+00,-4.311111111111111313e+03,-2.499583333333324333e+02,-5.296259189086294646e+04
4.889799532800000452e+04,7.542055670399997325e+03,0.000000000000000000e+00,0.000000000000000000e+00,0.000000000000000000e+00,-4.833020833333333940e+03,-0.000000000000000000e+00,-5.160703016506666609e+04
4.889799532800000452e+04,1.583320907519999992e+03,0.000000000000000000e+00,0.000000000000000000e+00,0.000000000000000000e+00,-4.833020833333333940e+03,-4.974170833333326982e+02,-4.515087831885333435e+04
4.889799532800000452e+04,6.437247551999999473e+01,0.000000000000000000e+00,0.000000000000000000e+00,1.199800000000000000e+04,-1.053230952380952431e+03,-0.000000000000000000e+00,-5.990713685101801093e+04
4.889799532800000452e+04,0.000000000000000000e+00,0.000000000000000000e+00,0.000000000000000000e+00,0.000000000000000000e+00,-5.384913521649672475e+03,-0.000000000000000000e+00,-4.351308180635033204e+04
4.608158681201968284e+04,0.000000000000000000e+00,0.000000000000000000e+00,0.000000000000000000e+00,3.009453648169383655e+02,-2.943047055376620847e+03,-0.000000000000000000e+00,-4.343948512145999848e+04
3.706602379028090218e+04,0.000000000000000000e+00,0.000000000000000000e+00,0.000000000000000000e+00,7.861975220067979535e+03,-1.488513888888888914e+03,-0.000000000000000000e+00,-4.343948512145999121e+04
2.793433683208937509e+04,0.000000000000000000e+00,0.000000000000000000e+00,0.000000000000000000e+00,0.000000000000000000e+00,-0.000000000000000000e+00,-0.000000000000000000e+00,-2.793433683208937509e+04
0.000000000000000000e+00,0.000000000000000000e+00,2.499583333333343305e+01,0.000000000000000000e+00,0.000000000000000000e+00,-0.000000000000000000e+00,-2.499583333333343305e+01,-0.000000000000000000e+00
0.000000000000000000e+00,0.000000000000000000e+00,2.499583333333343305e+01,0.000000000000000000e+00,0.000000000000000000e+00,-0.000000000000000000e+00,-2.499583333333343305e+01,-0.000000000000000000e+00
0.000000000000000000e+00,0.000000000000000000e+00,2.499583333333343305e+01,0.000000000000000000e+00,0.000000000000000000e+00,-0.000000000000000000e+00,-2.499583333333343305e+01,-0.000000000000000000e+00
0.000000000000000000e+00,0.000000000000000000e+00,2.499583333333343305e+01,0.000000000000000000e+00,0.000000000000000000e+00,-0.000000000000000000e+00,-2.499583333333343305e+01,-0.000000000000000000e+00
0.000000000000000000e+00,0.000000000000000000e+00,2.715138888888881397e+01,0.000000000000000000e+00,0.000000000000000000e+00,-2.155555555555555447e+00,-2.499583333333343305e+01,-0.000000000000000000e+00
0.000000000000000000e+00,0.000000000000000000e+00,2.715138888888881397e+01,0.000000000000000000e+00,0.000000000000000000e+00,-2.155555555555555447e+00,-2.499583333333343305e+01,-0.000000000000000000e+00
0.000000000000000000e+00,0.000000000000000000e+00,1.051520365963025688e+04,0.000000000000000000e+00,0.000000000000000000e+00,-2.444976407516082872e+03,-8.070227252114174917e+03,-0.000000000000000000e+00
3.822034594735364863e+03,0.000000000000000000e+00,1.248707651637574600e+04,0.000000000000000000e+00,0.000000000000000000e+00,-4.311111111111111313e+03,-1.199800000000000000e+04,-0.000000000000000000e+00
3.706602379028090218e+04,4.841949657599980128e+02,0.000000000000000000e+00,0.000000000000000000e+00,1.199800000000000000e+04,-0.000000000000000000e+00,-0.000000000000000000e+00,-4.954821875604090019e+04
4.889799532800000452e+04,4.246929273599998851e+03,0.000000000000000000e+00,0.000000000000000000e+00,5.388314739573329462e+03,-6.894333333333333030e+03,-0.000000000000000000e+00,-5.163890600783999980e+04
4.889799532800000452e+04,8.968419849600000816e+03,0.000000000000000000e+00,0.000000000000000000e+00,6.668241635733260182e+02,-6.894333333333333030e+03,-0.000000000000000000e+00,-5.163890600783999980e+04
4.889799532800000452e+04,1.303684300800000346e+04,0.000000000000000000e+00,0.000000000000000000e+00,0.000000000000000000e+00,-1.034365277777777737e+04,-6.407142801362213504e+03,-4.518404275686001347e+04
4.889799532800000452e+04,1.387045354752000276e+04,0.000000000000000000e+00,0.000000000000000000e+00,0.000000000000000000e+00,-1.034365277777777737e+04,-7.240753340882216435e+03,-4.518404275686001347e+04
4.889799532800000452e+04,1.739419948800000202e+04,0.000000000000000000e+00,1.426489277206767383e+03,0.000000000000000000e+00,-8.283512328618120591e+03,-0.000000000000000000e+00,-5.943517176458864560e+04
4.889799532800000452e+04,1.733768403839999519e+04,0.000000000000000000e+00,0.000000000000000000e+00,0.000000000000000000e+00,-8.385565018221088394e+03,-5.710779033713355602e+03,-5.213933531446555571e+04
4.889799532800000452e+04,8.116667697599998064e+03,0.000000000000000000e+00,0.000000000000000000e+00,0.000000000000000000e+00,-2.209379820873801691e+03,-3.784711674667797070e+03,-5.102057153005840519e+04
4.889799532800000452e+04,1.281036002399999961e+04,0.000000000000000000e+00,0.000000000000000000e+00,0.000000000000000000e+00,-2.155555555555555713e+01,-2.499583333333324333e+02,-6.143684146311111544e+04
4.889799532800000452e+04,8.700944019840000692e+03,0.000000000000000000e+00,0.000000000000000000e+00,0.000000000000000000e+00,-0.000000000000000000e+00,-0.000000000000000000e+00,-5.759893934784000157e+04
1.730640983838695684e+04,2.072462889599999471e+03,0.000000000000000000e+00,0.000000000000000000e+00,0.000000000000000000e+00,-0.000000000000000000e+00,-4.974170833333326982e+02,-1.888145564465362258e+04
1.452176876557037576e+04,4.074013439999998809e+02,0.000000000000000000e+00,0.000000000000000000e+00,0.000000000000000000e+00,-0.000000000000000000e+00,-0.000000000000000000e+00,-1.492917010957037564e+04
1.319885808299545351e+04,0.000000000000000000e+00,0.000000000000000000e+00,0.000000000000000000e+00,0.000000000000000000e+00,-2.308317404629455723e+03,-4.974170833333326982e+02,-1.039312359503266634e+04
1.071928136321017519e+04,0.000000000000000000e+00,0.000000000000000000e+00,0.000000000000000000e+00,1.199800000000000000e+04,-0.000000000000000000e+00,-0.000000000000000000e+00,-2.271728136321017519e+04
8.497930754174925823e+03,0.000000000000000000e+00,0.000000000000000000e+00,0.000000000000000000e+00,8.396104416000000128e+03,-0.000000000000000000e+00,-0.000000000000000000e+00,-1.689403517017492413e+04
7.497802710037473844e+03,0.000000000000000000e+00,0.000000000000000000e+00,0.000000000000000000e+00,0.000000000000000000e+00,-1.723583333333333258e+03,-2.499583333333343305e+01,-5.749223543370807420e+03
0.000000000000000000e+00,0.000000000000000000e+00,2.499583333333343305e+01,0.000000000000000000e+00,0.000000000000000000e+00,-0.000000000000000000e+00,-2.499583333333343305e+01,-0.000000000000000000e+00
0.000000000000000000e+00,0.000000000000000000e+00,2.499583333333343305e+01,0.000000000000000000e+00,0.000000000000000000e+00,-0.000000000000000000e+00,-2.499583333333343305e+01,-0.000000000000000000e+00
0.000000000000000000e+00,0.000000000000000000e+00,2.499583333333343305e+01,0.000000000000000000e+00,0.000000000000000000e+00,-0.000000000000000000e+00,-2.499583333333343305e+01,-0.000000000000000000e+00
0.000000000000000000e+00,0.000000000000000000e+00,2.499583333333343305e+01,0.000000000000000000e+00,0.000000000000000000e+00,-0.000000000000000000e+00,-2.499583333333343305e+01,-0.000000000000000000e+00
0.000000000000000000e+00,0.000000000000000000e+00,4.336106944444444707e+03,0.000000000000000000e+00,0.000000000000000000e+00,-4.311111111111111313e+03,-2.499583333333343305e+01,-0.000000000000000000e+00
0.000000000000000000e+00,0.000000000000000000e+00,4.336106944444444707e+03,0.000000000000000000e+00,0.000000000000000000e+00,-4.311111111111111313e+03,-2.499583333333343305e+01,-0.000000000000000000e+00
0.000000000000000000e+00,0.000000000000000000e+00,1.496564819023569362e+04,0.000000000000000000e+00,0.000000000000000000e+00,-4.311111111111111313e+03,-1.065453707912458231e+04,-0.000000000000000000e+00
8.497930754174925823e+03,2.808389001599999801e+02,7.530341456776185623e+03,0.000000000000000000e+00,0.000000000000000000e+00,-4.311111111111111313e+03,-1.199800000000000000e+04,-0.000000000000000000e+00
2.793433683208937509e+04,3.452190335999999661e+03,0.000000000000000000e+00,0.000000000000000000e+00,1.199800000000000000e+04,-0.000000000000000000e+00,-0.000000000000000000e+00,-4.338452716808937839e+04
4.608158681201968284e+04,4.321670572799999718e+03,0.000000000000000000e+00,0.000000000000000000e+00,8.372835567515150615e+03,-0.000000000000000000e+00,-0.000000000000000000e+00,-5.877609295233483135e+04
4.889799532800000452e+04,1.304327566080000179e+04,0.000000000000000000e+00,0.000000000000000000e+00,0.000000000000000000e+00,-2.307638888888887436e+02,-0.000000000000000000e+00,-6.171050709991111944e+04
4.889799532800000452e+04,1.682024604191999242e+04,0.000000000000000000e+00,0.000000000000000000e+00,0.000000000000000000e+00,-4.541875000000000000e+03,-2.499583333333343305e+01,-6.115137053658666264e+04
4.511765783311284031e+04,9.986831314559996827e+03,0.000000000000000000e+00,0.000000000000000000e+00,0.000000000000000000e+00,-0.000000000000000000e+00,-2.499583333333343305e+01,-5.507949331433950283e+04
4.887868916342244484e+04,2.054956118688000061e+04,0.000000000000000000e+00,0.000000000000000000e+00,0.000000000000000000e+00,-4.311111111111111313e+03,-2.499583333333343305e+01,-6.509214340585800528e+04
4.889799532800000452e+04,2.026533748607999951e+04,0.000000000000000000e+00,0.000000000000000000e+00,0.000000000000000000e+00,-4.311111111111111313e+03,-1.065453707912458231e+04,-5.419768462384431041e+04
4.889799532800000452e+04,1.242646849440000005e+04,0.000000000000000000e+00,0.000000000000000000e+00,0.000000000000000000e+00,-6.582048611111111313e+03,-1.199800000000000000e+04,-4.274441521128889872e+04
4.889799532800000452e+04,1.536131272895999973e+04,0.000000000000000000e+00,0.000000000000000000e+00,0.000000000000000000e+00,-4.311111111111111313e+03,-2.499583333333324333e+02,-5.969823861251556082e+04
4.889799532800000452e+04,1.114457097600000088e+04,0.000000000000000000e+00,0.000000000000000000e+00,0.000000000000000000e+00,-4.541875000000000000e+03,-0.000000000000000000e+00,-5.550069130400000722e+04
3.257991259551309849e+04,5.471277523200002179e+03,0.000000000000000000e+00,0.000000000000000000e+00,0.000000000000000000e+00,-4.541875000000000000e+03,-4.974170833333326982e+02,-3.301189803537976695e+04
2.174814590368481367e+04,1.750095089279999229e+03,0.000000000000000000e+00,0.000000000000000000e+00,0.000000000000000000e+00,-8.221232064626869942e+02,-0.000000000000000000e+00,-2.267611778650212727e+04
1.319885808299545351e+04,0.000000000000000000e+00,0.000000000000000000e+00,0.000000000000000000e+00,0.000000000000000000e+00,-3.179312499999999545e+03,-4.974170833333326982e+02,-9.522128499662121612e+03
5.746066080220879485e+03,0.000000000000000000e+00,0.000000000000000000e+00,0.000000000000000000e+00,1.199800000000000000e+04,-0.000000000000000000e+00,-0.000000000000000000e+00,-1.774406608022088039e+04
2.800365881330593311e+03,0.000000000000000000e+00,0.000000000000000000e+00,0.000000000000000000e+00,8.372835567515150615e+03,-0.000000000000000000e+00,-0.000000000000000000e+00,-1.117320144884574438e+04
0.000000000000000000e+00,0.000000000000000000e+00,0.000000000000000000e+00,0.000000000000000000e+00,0.000000000000000000e+00,-0.000000000000000000e+00,-0.000000000000000000e+00,-0.000000000000000000e+00
0.000000000000000000e+00,0.000000000000000000e+00,2.499583333333343305e+01,0.000000000000000000e+00,0.000000000000000000e+00,-0.000000000000000000e+00,-2.499583333333343305e+01,-0.000000000000000000e+00
0.000000000000000000e+00,0.000000000000000000e+00,2.499583333333343305e+01,0.000000000000000000e+00,0.000000000000000000e+00,-0.000000000000000000e+00,-2.499583333333343305e+01,-0.000000000000000000e+00
0.000000000000000000e+00,0.000000000000000000e+00,2.499583333333343305e+01,0.000000000000000000e+00,0.000000000000000000e+00,-0.000000000000000000e+00,-2.499583333333343305e+01,-0.000000000000000000e+00
0.000000000000000000e+00,0.000000000000000000e+00,2.499583333333343305e+01,0.000000000000000000e+00,0.000000000000000000e+00,-0.000000000000000000e+00,-2.499583333333343305e+01,-0.000000000000000000e+00
0.000000000000000000e+00,0.000000000000000000e+00,4.336106944444444707e+03,0.000000000000000000e+00,0.000000000000000000e+00,-4.311111111111111313e+03,-2.499583333333343305e+01,-0.000000000000000000e+00
0.000000000000000000e+00,0.000000000000000000e+00,4.336106944444444707e+03,0.000000000000000000e+00,0.000000000000000000e+00,-4.311111111111111313e+03,-2.499583333333343305e+01,-0.000000000000000000e+00
0.000000000000000000e+00,0.000000000000000000e+00,1.496564819023569362e+04,0.000000000000000000e+00,0.000000000000000000e+00,-4.311111111111111313e+03,-1.065453707912458231e+04,-0.000000000000000000e+00
0.000000000000000000e+00,6.313189247999978306e+02,1.567779218631111326e+04,0.000000000000000000e+00,0.000000000000000000e+00,-4.311111111111111313e+03,-1.199800000000000000e+04,-0.000000000000000000e+00
5.746066080220879485e+03,4.346972340479999730e+03,0.000000000000000000e+00,0.000000000000000000e+00,1.199800000000000000e+04,-0.000000000000000000e+00,-0.000000000000000000e+00,-2.209103842070087921e+04
1.730640983838695684e+04,4.665725602559997242e+03,0.000000000000000000e+00,0.000000000000000000e+00,8.372835567515150615e+03,-2.307638888888887436e+02,-0.000000000000000000e+00,-3.011420711957321328e+04
4.896657687438368157e+04,1.347456971520000116e+04,0.000000000000000000e+00,0.000000000000000000e+00,0.000000000000000000e+00,-0.000000000000000000e+00,-0.000000000000000000e+00,-6.244114658958368091e+04
4.889799532800000452e+04,1.698669093312000041e+04,0.000000000000000000e+00,0.000000000000000000e+00,0.000000000000000000e+00,-8.247021484826160304e+03,-2.499583333333343305e+01,-5.761266894296051032e+04
4.889799532800000452e+04,9.985805153280000013e+03,0.000000000000000000e+00,0.000000000000000000e+00,0.000000000000000000e+00,-0.000000000000000000e+00,-2.499583333333343305e+01,-5.885880464794667205e+04
4.889799532800000452e+04,2.039751318528000047e+04,0.000000000000000000e+00,0.000000000000000000e+00,0.000000000000000000e+00,-4.311111111111111313e+03,-2.499583333333343305e+01,-6.495940156883555755e+04
4.889799532800001180e+04,2.004993551232000027e+04,0.000000000000000000e+00,0.000000000000000000e+00,0.000000000000000000e+00,-4.311111111111111313e+03,-2.218393963107032505e+03,-6.241842576610186370e+04
4.889799532800000452e+04,9.450761598719996982e+03,0.000000000000000000e+00,0.000000000000000000e+00,0.000000000000000000e+00,-4.311111111111111313e+03,-1.199800000000000000e+04,-4.203964581560889201e+04
4.889799532800000452e+04,1.530128995200000099e+04,0.000000000000000000e+00,0.000000000000000000e+00,0.000000000000000000e+00,-7.490423611111110404e+03,-8.518222201342132394e+03,-4.819063946754675999e+04
4.608158681201968284e+04,1.125695860992000053e+04,0.000000000000000000e+00,0.000000000000000000e+00,0.000000000000000000e+00,-3.633500000000000000e+03,-0.000000000000000000e+00,-5.370504542193968518e+04
1.730640983838695684e+04,3.401770590719999745e+03,0.000000000000000000e+00,0.000000000000000000e+00,0.000000000000000000e+00,-3.179312499999999545e+03,-4.974170833333326982e+02,-1.703145084577362286e+04
1.452176876557037576e+04,2.183579308800000945e+03,0.000000000000000000e+00,0.000000000000000000e+00,0.000000000000000000e+00,-0.000000000000000000e+00,-0.000000000000000000e+00,-1.670534807437037671e+04
1.319885808299545351e+04,0.000000000000000000e+00,0.000000000000000000e+00,0.000000000000000000e+00,0.000000000000000000e+00,-0.000000000000000000e+00,-4.974170833333326982e+02,-1.270144099966212161e+04
1.071928136321017519e+04,0.000000000000000000e+00,0.000000000000000000e+00,0.000000000000000000e+00,1.199800000000000000e+04,-0.000000000000000000e+00,-0.000000000000000000e+00,-2.271728136321017519e+04
8.497930754174925823e+03,0.000000000000000000e+00,0.000000000000000000e+00,0.000000000000000000e+00,8.396104416000000128e+03,-0.000000000000000000e+00,-0.000000000000000000e+00,-1.689403517017492413e+04
7.497802710037473844e+03,0.000000000000000000e+00,0.000000000000000000e+00,0.000000000000000000e+00,0.000000000000000000e+00,-1.283000207651238043e+03,-2.499583333333343305e+01,-6.189806669052902180e+03
0.000000000000000000e+00,0.000000000000000000e+00,2.499583333333343305e+01,0.000000000000000000e+00,0.000000000000000000e+00,-0.000000000000000000e+00,-2.499583333333343305e+01,-0.000000000000000000e+00
0.000000000000000000e+00,0.000000000000000000e+00,2.499583333333343305e+01,0.000000000000000000e+00,0.000000000000000000e+00,-0.000000000000000000e+00,-2.499583333333343305e+01,-0.000000000000000000e+00
0.000000000000000000e+00,0.000000000000000000e+00,2.499583333333343305e+01,0.000000000000000000e+00,0.000000000000000000e+00,-0.000000000000000000e+00,-2.499583333333343305e+01,-0.000000000000000000e+00
0.000000000000000000e+00,0.000000000000000000e+00,2.499583333333343305e+01,0.000000000000000000e+00,0.000000000000000000e+00,-0.000000000000000000e+00,-2.499583333333343305e+01,-0.000000000000000000e+00
0.000000000000000000e+00,0.000000000000000000e+00,6.733829847598096421e+03,0.000000000000000000e+00,0.000000000000000000e+00,-6.708834014264763027e+03,-2.499583333333343305e+01,-0.000000000000000000e+00
0.000000000000000000e+00,0.000000000000000000e+00,7.076361690905761861e+03,0.000000000000000000e+00,0.000000000000000000e+00,-7.051365857572428467e+03,-2.499583333333343305e+01,-0.000000000000000000e+00
0.000000000000000000e+00,0.000000000000000000e+00,1.496564819023569362e+04,0.000000000000000000e+00,0.000000000000000000e+00,-4.311111111111111313e+03,-1.065453707912458231e+04,-0.000000000000000000e+00
0.000000000000000000e+00,0.000000000000000000e+00,1.630911111111111131e+04,0.000000000000000000e+00,0.000000000000000000e+00,-4.311111111111111313e+03,-1.199800000000000000e+04,-0.000000000000000000e+00
0.000000000000000000e+00,1.870186590719999913e+03,0.000000000000000000e+00,0.000000000000000000e+00,1.199800000000000000e+04,-0.000000000000000000e+00,-0.000000000000000000e+00,-1.386818659072000082e+04
0.000000000000000000e+00,4.279475433599999633e+03,0.000000000000000000e+00,0.000000000000000000e+00,8.372835567515150615e+03,-0.000000000000000000e+00,-0.000000000000000000e+00,-1.265231100111514934e+04
3.822034594735364863e+03,1.068670393920000060e+04,0.000000000000000000e+00,0.000000000000000000e+00,0.000000000000000000e+00,-2.139847010388226636e+02,-0.000000000000000000e+00,-1.429475383289654383e+04
8.497930754174925823e+03,1.438605364319999717e+04,0.000000000000000000e+00,0.000000000000000000e+00,0.000000000000000000e+00,-2.155555555555555447e+00,-2.499583333333343305e+01,-2.285683300848603176e+04
1.730640983838695684e+04,1.131770123135999893e+04,0.000000000000000000e+00,0.000000000000000000e+00,0.000000000000000000e+00,-3.018426388888889051e+03,-2.499583333333343305e+01,-2.558068884752473241e+04
2.174814590368481367e+04,1.782616743936000057e+04,0.000000000000000000e+00,0.000000000000000000e+00,0.000000000000000000e+00,-4.311111111111111313e+03,-2.499583333333343305e+01,-3.523820639860037045e+04
2.793433683208937509e+04,1.733335731360000136e+04,0.000000000000000000e+00,0.000000000000000000e+00,0.000000000000000000e+00,-4.311111111111111313e+03,-1.065453707912458231e+04,-3.030204595545368647e+04
3.257991259551309849e+04,7.945451922240001295e+03,0.000000000000000000e+00,0.000000000000000000e+00,0.000000000000000000e+00,-8.385565018221088394e+03,-1.199800000000000000e+04,-2.014179949953201140e+04
2.793433683208937509e+04,1.215388483199999973e+04,0.000000000000000000e+00,0.000000000000000000e+00,0.000000000000000000e+00,-4.311111111111111313e+03,-2.499583333333324333e+02,-3.552715221964492957e+04
2.174814590368481367e+04,7.933850173439997889e+03,0.000000000000000000e+00,0.000000000000000000e+00,0.000000000000000000e+00,-4.308958333333333030e+03,-0.000000000000000000e+00,-2.537303774379147944e+04
1.730640983838695684e+04,2.363218796160000238e+03,0.000000000000000000e+00,0.000000000000000000e+00,0.000000000000000000e+00,-0.000000000000000000e+00,-4.974170833333326982e+02,-1.917221155121362244e+04
1.452176876557037576e+04,3.118687919999993028e+02,0.000000000000000000e+00,0.000000000000000000e+00,0.000000000000000000e+00,-1.114519355620547003e+03,-0.000000000000000000e+00,-1.371911820194982829e+04
1.319885808299545351e+04,0.000000000000000000e+00,0.000000000000000000e+00,0.000000000000000000e+00,0.000000000000000000e+00,-2.585374999999999545e+03,-4.974170833333326982e+02,-1.011606599966212161e+04
1.071928136321017519e+04,0.000000000000000000e+00,0.000000000000000000e+00,0.000000000000000000e+00,1.199800000000000000e+04,-0.000000000000000000e+00,-0.000000000000000000e+00,-2.271728136321017519e+04
8.497930754174925823e+03,0.000000000000000000e+00,0.000000000000000000e+00,0.000000000000000000e+00,8.396104416000000128e+03,-0.000000000000000000e+00,-0.000000000000000000e+00,-1.689403517017492413e+04
7.497802710037473844e+03,0.000000000000000000e+00,0.000000000000000000e+00,0.000000000000000000e+00,0.000000000000000000e+00,-0.000000000000000000e+00,-2.499583333333343305e+01,-7.472806876704140450e+03
1.730640983838695684e+04,0.000000000000000000e+00,0.000000000000000000e+00,0.000000000000000000e+00,0.000000000000000000e+00,-2.155555555555555447e+00,-2.499583333333343305e+01,-1.727925844949806560e+04
1.319885808299545351e+04,0.000000000000000000e+00,0.000000000000000000e+00,0.000000000000000000e+00,0.000000000000000000e+00,-2.155555555555555447e+00,-2.499583333333343305e+01,-1.317170669410656410e+04
8.497930754174925823e+03,0.000000000000000000e+00,0.000000000000000000e+00,0.000000000000000000e+00,0.000000000000000000e+00,-2.155555555555555447e+00,-2.499583333333343305e+01,-8.470779365079364652e+03
5.746066080220879485e+03,0.000000000000000000e+00,0.000000000000000000e+00,0.000000000000000000e+00,0.000000000000000000e+00,-2.155555555555555447e+00,-2.499583333333343305e+01,-5.718914691331990980e+03
2.800365881330593311e+03,0.000000000000000000e+00,1.535741063113851396e+03,0.000000000000000000e+00,0.000000000000000000e+00,-4.311111111111111313e+03,-2.499583333333343305e+01,-0.000000000000000000e+00
0.000000000000000000e+00,0.000000000000000000e+00,4.336106944444444707e+03,0.000000000000000000e+00,0.000000000000000000e+00,-4.311111111111111313e+03,-2.499583333333343305e+01,-0.000000000000000000e+00
0.000000000000000000e+00,0.000000000000000000e+00,1.496564819023569362e+04,0.000000000000000000e+00,0.000000000000000000e+00,-4.311111111111111313e+03,-1.065453707912458231e+04,-0.000000000000000000e+00
0.000000000000000000e+00,0.000000000000000000e+00,1.630911111111111131e+04,0.000000000000000000e+00,0.000000000000000000e+00,-4.311111111111111313e+03,-1.199800000000000000e+04,-0.000000000000000000e+00
0.000000000000000000e+00,0.000000000000000000e+00,0.000000000000000000e+00,0.000000000000000000e+00,1.199800000000000000e+04,-0.000000000000000000e+00,-0.000000000000000000e+00,-1.199800000000000000e+04
0.000000000000000000e+00,1.380692344320000075e+03,0.000000000000000000e+00,0.000000000000000000e+00,8.372835567515150615e+03,-2.307638888888887436e+02,-0.000000000000000000e+00,-9.522764022946261321e+03
8.497930754174925823e+03,5.061073380480000196e+03,0.000000000000000000e+00,0.000000000000000000e+00,0.000000000000000000e+00,-1.497665442247155397e+03,-0.000000000000000000e+00,-1.206133869240777130e+04
2.793433683208937509e+04,8.443928908799996861e+03,0.000000000000000000e+00,0.000000000000000000e+00,0.000000000000000000e+00,-2.155555555555555447e+00,-2.499583333333343305e+01,-3.635111435200048436e+04
4.608158681201968284e+04,1.059897480768000059e+04,0.000000000000000000e+00,0.000000000000000000e+00,0.000000000000000000e+00,-4.544030555555555111e+03,-2.499583333333343305e+01,-5.211153523081079766e+04
4.889799532800000452e+04,1.168941666815999815e+04,0.000000000000000000e+00,0.000000000000000000e+00,0.000000000000000000e+00,-8.852986111111111313e+03,-2.499583333333343305e+01,-5.170943005171555706e+04
4.889799532800000452e+04,1.119035002175999762e+04,0.000000000000000000e+00,0.000000000000000000e+00,0.000000000000000000e+00,-4.311111111111111313e+03,-1.065453707912458231e+04,-4.512269715952430852e+04
4.889799532800000452e+04,6.242659804800000529e+03,0.000000000000000000e+00,0.000000000000000000e+00,0.000000000000000000e+00,-4.311111111111111313e+03,-1.199800000000000000e+04,-3.883154402168889646e+04
4.889799532800000452e+04,6.302621318399999836e+03,0.000000000000000000e+00,0.000000000000000000e+00,0.000000000000000000e+00,-4.311111111111111313e+03,-2.499583333333324333e+02,-5.063954720195556001e+04
2.174814590368481367e+04,2.632792895999998109e+03,0.000000000000000000e+00,0.000000000000000000e+00,0.000000000000000000e+00,-1.337983202451502393e+03,-2.499583333333324333e+02,-2.279299726389997886e+04
0.000000000000000000e+00,2.214670463999999939e+01,2.278116286933324375e+02,0.000000000000000000e+00,0.000000000000000000e+00,-0.000000000000000000e+00,-2.499583333333324333e+02,-0.000000000000000000e+00
0.000000000000000000e+00,0.000000000000000000e+00,0.000000000000000000e+00,0.000000000000000000e+00,0.000000000000000000e+00,-0.000000000000000000e+00,-0.000000000000000000e+00,-0.000000000000000000e+00
0.000000000000000000e+00,0.000000000000000000e+00,0.000000000000000000e+00,0.000000000000000000e+00,0.000000000000000000e+00,-0.000000000000000000e+00,-0.000000000000000000e+00,-0.000000000000000000e+00
0.000000000000000000e+00,0.000000000000000000e+00,0.000000000000000000e+00,0.000000000000000000e+00,1.199800000000000000e+04,-0.000000000000000000e+00,-0.000000000000000000e+00,-1.199800000000000000e+04
0.000000000000000000e+00,0.000000000000000000e+00,0.000000000000000000e+00,0.000000000000000000e+00,7.923538533236751391e+03,-0.000000000000000000e+00,-0.000000000000000000e+00,-7.923538533236752301e+03
0.000000000000000000e+00,0.000000000000000000e+00,0.000000000000000000e+00,0.000000000000000000e+00,0.000000000000000000e+00,-0.000000000000000000e+00,-0.000000000000000000e+00,-0.000000000000000000e+00
4.889799532800000452e+04,0.000000000000000000e+00,0.000000000000000000e+00,0.000000000000000000e+00,0.000000000000000000e+00,-1.431689113957763766e+02,-2.499583333333343305e+01,-4.872983058327089384e+04
4.889799532800000452e+04,0.000000000000000000e+00,0.000000000000000000e+00,0.000000000000000000e+00,0.000000000000000000e+00,-1.431689113957763766e+02,-2.499583333333343305e+01,-4.872983058327089384e+04
4.889799532800000452e+04,0.000000000000000000e+00,0.000000000000000000e+00,4.607025000000001000e+02,0.000000000000000000e+00,-8.522368826306665142e+03,-2.499583333333343305e+01,-4.081133316836000449e+04
4.431057183884719416e+04,0.000000000000000000e+00,0.000000000000000000e+00,2.969688317143610448e+02,0.000000000000000000e+00,-1.171379464285714130e+04,-2.499583333333343305e+01,-3.441459136265671987e+04
4.508439334653142578e+04,0.000000000000000000e+00,0.000000000000000000e+00,5.200409828876515803e+02,0.000000000000000000e+00,-5.759289843741719778e+03,-1.199800000000000000e+04,-2.784714448567735599e+04
4.610530527328963944e+04,0.000000000000000000e+00,0.000000000000000000e+00,9.214050000000000864e+02,0.000000000000000000e+00,-9.442857142857143117e+03,-1.066797170833333439e+04,-2.783728642209915779e+04
4.266801059042967972e+04,0.000000000000000000e+00,0.000000000000000000e+00,4.607025000000000432e+02,0.000000000000000000e+00,-1.025330386679633557e+04,-2.499583333333324333e+02,-3.400755839030000789e+04
4.889799532800000452e+04,0.000000000000000000e+00,0.000000000000000000e+00,2.600204914438257902e+02,0.000000000000000000e+00,-7.608181553567031187e+03,-2.499583333333324333e+02,-4.129987593254346575e+04
4.889799532800000452e+04,0.000000000000000000e+00,0.000000000000000000e+00,0.000000000000000000e+00,6.405040932691925263e+03,-0.000000000000000000e+00,-0.000000000000000000e+00,-5.530303626069192978e+04
4.889799532800000452e+04,1.103506272000000081e+03,0.000000000000000000e+00,0.000000000000000000e+00,1.199800000000000000e+04,-0.000000000000000000e+00,-0.000000000000000000e+00,-6.199950160000000324e+04
4.889799532800000452e+04,4.683675767039996572e+03,0.000000000000000000e+00,0.000000000000000000e+00,1.892746393708643609e+03,-2.307638888888887436e+02,-0.000000000000000000e+00,-5.524365359985975374e+04
4.889799532800000452e+04,8.032775183999998262e+03,0.000000000000000000e+00,0.000000000000000000e+00,0.000000000000000000e+00,-0.000000000000000000e+00,-2.499583333333343305e+01,-5.690577467866666848e+04
4.889799532800000452e+04,1.022504623200000060e+04,0.000000000000000000e+00,0.000000000000000000e+00,0.000000000000000000e+00,-0.000000000000000000e+00,-2.499583333333343305e+01,-5.909804572666667082e+04
4.889799532800000452e+04,1.141425994463999814e+04,0.000000000000000000e+00,1.300102457219128951e+02,0.000000000000000000e+00,-4.673155794268763202e+03,-2.499583333333343305e+01,-5.574411389075981424e+04
4.889799532800000452e+04,1.103702314751999802e+04,0.000000000000000000e+00,0.000000000000000000e+00,0.000000000000000000e+00,-8.852986111111111313e+03,-1.065453707912458231e+04,-4.042749528528431256e+04
4.889799532800000452e+04,8.083700351999999839e+03,0.000000000000000000e+00,0.000000000000000000e+00,0.000000000000000000e+00,-6.995295272889642547e+03,-1.199800000000000000e+04,-3.798840040711036272e+04
4.889799532800000452e+04,6.343139373119999618e+03,0.000000000000000000e+00,0.000000000000000000e+00,0.000000000000000000e+00,-4.311111111111111313e+03,-2.499583333333324333e+02,-5.068006525667555979e+04
4.889799532800000452e+04,2.732920200000000023e+03,0.000000000000000000e+00,0.000000000000000000e+00,0.000000000000000000e+00,-0.000000000000000000e+00,-0.000000000000000000e+00,-5.163091552800000500e+04
1.730640983838695684e+04,8.828050175999999283e+01,0.000000000000000000e+00,0.000000000000000000e+00,0.000000000000000000e+00,-0.000000000000000000e+00,-4.974170833333326982e+02,-1.689727325681362345e+04
1.452176876557037576e+04,0.000000000000000000e+00,0.000000000000000000e+00,0.000000000000000000e+00,0.000000000000000000e+00,-8.221232064626892679e+02,-0.000000000000000000e+00,-1.369964555910768649e+04
1.319885808299545351e+04,0.000000000000000000e+00,0.000000000000000000e+00,0.000000000000000000e+00,0.000000000000000000e+00,-3.179312499999999545e+03,-4.974170833333326982e+02,-9.522128499662121612e+03
1.071928136321017519e+04,0.000000000000000000e+00,0.000000000000000000e+00,0.000000000000000000e+00,1.199800000000000000e+04,-0.000000000000000000e+00,-0.000000000000000000e+00,-2.271728136321017519e+04
8.497930754174925823e+03,0.000000000000000000e+00,0.000000000000000000e+00,0.000000000000000000e+00,8.396104416000000128e+03,-0.000000000000000000e+00,-0.000000000000000000e+00,-1.689403517017492413e+04
7.497802710037473844e+03,0.000000000000000000e+00,0.000000000000000000e+00,0.000000000000000000e+00,0.000000000000000000e+00,-0.000000000000000000e+00,-2.499583333333343305e+01,-7.472806876704140450e+03
0.000000000000000000e+00,0.000000000000000000e+00,2.499583333333343305e+01,0.000000000000000000e+00,0.000000000000000000e+00,-0.000000000000000000e+00,-2.499583333333343305e+01,-0.000000000000000000e+00
0.000000000000000000e+00,0.000000000000000000e+00,2.499583333333343305e+01,0.000000000000000000e+00,0.000000000000000000e+00,-0.000000000000000000e+00,-2.499583333333343305e+01,-0.000000000000000000e+00
0.000000000000000000e+00,0.000000000000000000e+00,2.499583333333343305e+01,0.000000000000000000e+00,0.000000000000000000e+00,-0.000000000000000000e+00,-2.499583333333343305e+01,-0.000000000000000000e+00
0.000000000000000000e+00,0.000000000000000000e+00,2.499583333333343305e+01,0.000000000000000000e+00,0.000000000000000000e+00,-0.000000000000000000e+00,-2.499583333333343305e+01,-0.000000000000000000e+00
0.000000000000000000e+00,0.000000000000000000e+00,5.244481944444443798e+03,0.000000000000000000e+00,0.000000000000000000e+00,-5.219486111111110404e+03,-2.499583333333343305e+01,-0.000000000000000000e+00
0.000000000000000000e+00,0.000000000000000000e+00,4.336106944444444707e+03,0.000000000000000000e+00,0.000000000000000000e+00,-4.311111111111111313e+03,-2.499583333333343305e+01,-0.000000000000000000e+00
0.000000000000000000e+00,0.000000000000000000e+00,1.496564819023569362e+04,0.000000000000000000e+00,0.000000000000000000e+00,-4.311111111111111313e+03,-1.065453707912458231e+04,-0.000000000000000000e+00
0.000000000000000000e+00,0.000000000000000000e+00,1.767167361111110949e+04,0.000000000000000000e+00,0.000000000000000000e+00,-5.673673611111111313e+03,-1.199800000000000000e+04,-0.000000000000000000e+00
0.000000000000000000e+00,0.000000000000000000e+00,0.000000000000000000e+00,0.000000000000000000e+00,1.199800000000000000e+04,-0.000000000000000000e+00,-0.000000000000000000e+00,-1.199800000000000000e+04
0.000000000000000000e+00,8.134778678400000445e+02,0.000000000000000000e+00,0.000000000000000000e+00,8.372835567515150615e+03,-2.307638888888887436e+02,-0.000000000000000000e+00,-8.955549546466261745e+03
0.000000000000000000e+00,4.442926078079999570e+03,0.000000000000000000e+00,0.000000000000000000e+00,0.000000000000000000e+00,-1.497665442247155397e+03,-0.000000000000000000e+00,-2.945260635832844400e+03
5.746066080220879485e+03,7.862263937279999482e+03,0.000000000000000000e+00,0.000000000000000000e+00,0.000000000000000000e+00,-2.155555555555555447e+00,-2.499583333333343305e+01,-1.358117862861198955e+04
1.730640983838695684e+04,1.027611690047999946e+04,0.000000000000000000e+00,0.000000000000000000e+00,0.000000000000000000e+00,-2.155555555555555447e+00,-2.499583333333343305e+01,-2.755537534997806506e+04
1.319885808299545351e+04,1.140345461952000005e+04,0.000000000000000000e+00,0.000000000000000000e+00,0.000000000000000000e+00,-4.311111111111111313e+03,-2.499583333333343305e+01,-2.026620575807100977e+04
8.497930754174925823e+03,1.110386147327999788e+04,0.000000000000000000e+00,0.000000000000000000e+00,0.000000000000000000e+00,-4.311111111111111313e+03,-1.199800000000000000e+04,-3.292681116343812846e+03
5.746066080220879485e+03,4.857939394559999528e+03,4.375077344663567601e+03,0.000000000000000000e+00,0.000000000000000000e+00,-4.311111111111111313e+03,-1.066797170833333439e+04,-0.000000000000000000e+00
2.174814590368481367e+04,6.554413727999999537e+03,0.000000000000000000e+00,0.000000000000000000e+00,0.000000000000000000e+00,-4.311111111111111313e+03,-2.499583333333324333e+02,-2.374149018724037160e+04
4.254348330243773671e+04,2.949187518719998479e+03,0.000000000000000000e+00,0.000000000000000000e+00,0.000000000000000000e+00,-0.000000000000000000e+00,-0.000000000000000000e+00,-4.549267082115773519e+04
4.889799532800000452e+04,1.773574271999968914e+02,0.000000000000000000e+00,0.000000000000000000e+00,0.000000000000000000e+00,-4.541875000000000000e+03,-4.974170833333326982e+02,-4.403606067186666769e+04
4.889799532800000452e+04,0.000000000000000000e+00,0.000000000000000000e+00,0.000000000000000000e+00,1.199800000000000000e+04,-2.323076964445905560e+03,-0.000000000000000000e+00,-5.857291836355409760e+04
4.896657687438368157e+04,0.000000000000000000e+00,0.000000000000000000e+00,0.000000000000000000e+00,2.322823451378009395e+03,-3.179312499999999545e+03,-0.000000000000000000e+00,-4.811008782576169324e+04
4.608158681201968284e+04,0.000000000000000000e+00,0.000000000000000000e+00,0.000000000000000000e+00,3.592350523289205739e+03,-2.047513888888888232e+03,-0.000000000000000000e+00,-4.762642344641999807e+04
4.254348330243773671e+04,0.000000000000000000e+00,0.000000000000000000e+00,0.000000000000000000e+00,0.000000000000000000e+00,-1.720834634077735245e+03,-0.000000000000000000e+00,-4.082264866836000147e+04
3.706602379028090218e+04,0.000000000000000000e+00,0.000000000000000000e+00,0.000000000000000000e+00,0.000000000000000000e+00,-2.725125000000000000e+03,-0.000000000000000000e+00,-3.434089879028090218e+04
